resi	aa	fixed	catalytic	hemt_5A	high_conservation	native_cysteine
36	S	0	0	0	0	0
37	N	0	0	0	0	0
38	P	0	0	0	0	0
39	Y	0	0	0	0	0
40	Q	0	0	0	0	0
41	R	0	0	0	0	0
42	G	1	0	0	1	0
43	P	0	0	0	0	0
44	N	0	0	0	0	0
45	P	1	0	0	1	0
46	T	1	0	0	1	0
47	R	0	0	0	0	0
48	S	0	0	0	0	0
49	A	0	0	0	0	0
50	L	0	0	0	0	0
51	T	0	0	0	0	0
52	A	0	0	0	0	0
53	D	0	0	0	0	0
54	G	1	0	0	1	0
55	P	0	0	0	0	0
56	F	0	0	0	0	0
57	S	0	0	0	0	0
58	V	0	0	0	0	0
59	A	0	0	0	0	0
60	T	0	0	0	0	0
61	Y	0	0	0	0	0
62	T	0	0	0	0	0
63	V	0	0	0	0	0
64	S	0	0	0	0	0
65	R	0	0	0	0	0
66	L	0	0	0	0	0
67	S	0	0	0	0	0
68	V	0	0	0	0	0
69	S	0	0	0	0	0
70	G	1	0	0	1	0
71	F	0	0	0	0	0
72	G	1	0	0	1	0
73	G	0	0	0	0	0
74	G	1	0	0	1	0
75	V	0	0	0	0	0
76	I	0	0	0	0	0
77	Y	0	0	0	0	0
78	Y	0	0	0	0	0
79	P	1	0	0	1	0
80	T	0	0	0	0	0
81	G	0	0	0	0	0
82	T	0	0	0	0	0
83	S	0	0	0	0	0
84	L	0	0	0	0	0
85	T	0	0	0	0	0
86	F	0	0	0	0	0
87	G	0	0	0	0	0
88	G	0	0	0	0	0
89	I	0	0	0	0	0
90	A	0	0	0	0	0
91	M	0	0	0	0	0
92	S	0	0	0	0	0
93	P	1	0	0	1	0
94	G	1	0	1	1	0
95	Y	1	0	1	0	0
96	T	0	0	0	0	0
97	A	1	0	1	0	0
98	D	0	0	0	0	0
99	A	0	0	0	0	0
100	S	0	0	0	0	0
101	S	0	0	0	0	0
102	L	0	0	0	0	0
103	A	0	0	0	0	0
104	W	0	0	0	0	0
105	L	0	0	0	0	0
106	G	1	0	0	1	0
107	R	0	0	0	0	0
108	R	0	0	0	0	0
109	L	0	0	0	0	0
110	A	1	0	0	1	0
111	S	1	0	0	1	0
112	H	0	0	0	0	0
113	G	1	0	0	1	0
114	F	1	0	0	1	0
115	V	1	0	0	1	0
116	V	1	0	0	1	0
117	L	0	0	0	0	0
118	V	0	0	0	0	0
119	I	0	0	0	0	0
120	N	0	0	0	0	0
121	T	1	0	0	1	0
122	N	0	0	0	0	0
123	S	0	0	0	0	0
124	R	0	0	0	0	0
125	F	0	0	0	0	0
126	D	1	0	0	1	0
127	G	0	0	0	0	0
128	P	0	0	0	0	0
129	D	0	0	0	0	0
130	S	0	0	0	0	0
131	R	1	0	0	1	0
132	A	0	0	0	0	0
133	S	0	0	0	0	0
134	Q	0	0	0	0	0
135	L	0	0	0	0	0
136	S	0	0	0	0	0
137	A	0	0	0	0	0
138	A	1	0	0	1	0
139	L	1	0	0	1	0
140	N	0	0	0	0	0
141	Y	0	0	0	0	0
142	L	0	0	0	0	0
143	R	0	0	0	0	0
144	T	0	0	0	0	0
145	S	0	0	0	0	0
146	S	0	0	0	0	0
147	P	0	0	0	0	0
148	S	0	0	0	0	0
149	A	0	0	0	0	0
150	V	0	0	0	0	0
151	R	0	0	0	0	0
152	A	0	0	0	0	0
153	R	0	0	0	0	0
154	L	0	0	0	0	0
155	D	1	0	0	1	0
156	A	0	0	0	0	0
157	N	0	0	0	0	0
158	R	1	0	0	1	0
159	L	0	0	0	0	0
160	A	0	0	0	0	0
161	V	1	0	0	1	0
162	A	0	0	0	0	0
163	G	1	0	0	1	0
164	H	1	0	1	0	0
165	S	1	1	1	1	0
166	M	1	0	1	1	0
167	G	1	0	1	1	0
168	G	1	0	0	1	0
169	G	1	0	0	1	0
170	G	0	0	0	0	0
171	T	0	0	0	0	0
172	L	0	0	0	0	0
173	R	0	0	0	0	0
174	I	0	0	0	0	0
175	A	1	0	0	1	0
176	E	0	0	0	0	0
177	Q	0	0	0	0	0
178	N	0	0	0	0	0
179	P	0	0	0	0	0
180	S	0	0	0	0	0
181	L	0	0	0	0	0
182	K	0	0	0	0	0
183	A	1	0	0	1	0
184	A	0	0	0	0	0
185	V	0	0	0	0	0
186	P	0	0	0	0	0
187	L	0	0	0	0	0
188	T	0	0	0	0	0
189	P	0	0	0	0	0
190	W	1	0	1	0	0
191	H	0	0	0	0	0
192	T	0	0	0	0	0
193	D	0	0	0	0	0
194	K	0	0	0	0	0
195	T	0	0	0	0	0
196	F	0	0	0	0	0
197	N	0	0	0	0	0
198	T	0	0	0	0	0
199	S	0	0	0	0	0
200	V	0	0	0	0	0
201	P	0	0	0	0	0
202	V	0	0	0	0	0
203	L	0	0	0	0	0
204	I	0	0	0	0	0
205	V	0	0	0	0	0
206	G	0	0	0	0	0
207	A	0	0	0	0	0
208	E	0	0	0	0	0
209	A	0	0	0	0	0
210	D	1	1	0	0	0
211	T	0	0	0	0	0
212	V	1	0	1	0	0
213	A	1	0	1	0	0
214	P	0	0	0	0	0
215	V	0	0	0	0	0
216	S	0	0	0	0	0
217	Q	0	0	0	0	0
218	H	1	0	1	0	0
219	A	0	0	0	0	0
220	I	0	0	0	0	0
221	P	0	0	0	0	0
222	F	0	0	0	0	0
223	Y	0	0	0	0	0
224	Q	0	0	0	0	0
225	N	0	0	0	0	0
226	L	0	0	0	0	0
227	P	0	0	0	0	0
228	S	0	0	0	0	0
229	T	0	0	0	0	0
230	T	0	0	0	0	0
231	P	0	0	0	0	0
232	K	0	0	0	0	0
233	V	0	0	0	0	0
234	Y	0	0	0	0	0
235	V	0	0	0	0	0
236	E	0	0	0	0	0
237	L	0	0	0	0	0
238	C	1	0	0	0	1
239	N	0	0	0	0	0
240	A	0	0	0	0	0
241	S	0	0	0	0	0
242	H	1	1	1	0	0
243	I	0	0	0	0	0
244	A	0	0	0	0	0
245	P	0	0	0	0	0
246	N	0	0	0	0	0
247	S	0	0	0	0	0
248	N	0	0	0	0	0
249	N	0	0	0	0	0
250	A	0	0	0	0	0
251	A	0	0	0	0	0
252	I	0	0	0	0	0
253	S	0	0	0	0	0
254	V	0	0	0	0	0
255	Y	0	0	0	0	0
256	T	0	0	0	0	0
257	I	0	0	0	0	0
258	S	0	0	0	0	0
259	W	0	0	0	0	0
260	M	0	0	0	0	0
261	K	0	0	0	0	0
262	L	0	0	0	0	0
263	W	0	0	0	0	0
264	V	0	0	0	0	0
265	D	0	0	0	0	0
266	N	0	0	0	0	0
267	D	0	0	0	0	0
268	T	0	0	0	0	0
269	R	0	0	0	0	0
270	Y	0	0	0	0	0
271	R	0	0	0	0	0
272	Q	0	0	0	0	0
273	F	0	0	0	0	0
274	L	0	0	0	0	0
275	C	1	0	0	0	1
276	N	0	0	0	0	0
277	V	0	0	0	0	0
278	N	0	0	0	0	0
279	D	0	0	0	0	0
280	P	0	0	0	0	0
281	A	0	0	0	0	0
282	L	0	0	0	0	0
283	C	1	0	0	0	1
284	D	0	0	0	0	0
285	F	0	0	0	0	0
286	R	0	0	0	0	0
287	T	0	0	0	0	0
288	N	0	0	0	0	0
289	N	0	0	0	0	0
290	R	0	0	0	0	0
291	H	0	0	0	0	0
292	C	1	0	0	0	1
293	Q	0	0	0	0	0

